model,benchmark,lang,shot,accuracy,sd,runs
bloom-1b7,encopa,en,0,67.0,,1
bloom-1b7,encopa,en,4,66.4,1.1401754250991392,5
bloom-1b7,xcopa,et,0,45.8,,1
bloom-1b7,xcopa,et,4,48.44,0.6693280212272623,5
bloom-1b7,xcopa,ht,0,45.8,,1
bloom-1b7,xcopa,ht,4,48.760000000000005,0.8414273587185065,5
bloom-1b7,xcopa,id,0,63.8,,1
bloom-1b7,xcopa,id,4,62.720000000000006,1.7239489551607987,5
bloom-1b7,xcopa,it,0,50.4,,1
bloom-1b7,xcopa,it,4,49.839999999999996,1.9919839356781965,5
bloom-1b7,xcopa,qu,0,51.4,,1
bloom-1b7,xcopa,qu,4,51.839999999999996,0.5176871642217915,5
bloom-1b7,xcopa,sw,0,53.8,,1
bloom-1b7,xcopa,sw,4,53.760000000000005,0.47749345545252986,5
bloom-1b7,xcopa,ta,0,55.0,,1
bloom-1b7,xcopa,ta,4,57.44,0.841427358718505,5
bloom-1b7,xcopa,th,0,51.6,,1
bloom-1b7,xcopa,th,4,49.56,0.43358966777357566,5
bloom-1b7,xcopa,tr,0,54.4,,1
bloom-1b7,xcopa,tr,4,53.67999999999999,1.0158740079360271,5
bloom-1b7,xcopa,vi,0,61.2,,1
bloom-1b7,xcopa,vi,4,60.44,0.7127411872482181,5
bloom-1b7,xcopa,zh,0,56.4,,1
bloom-1b7,xcopa,zh,4,62.67999999999999,1.221474518768196,5
bloom-1b7,xsc,ar,0,58.2,,1
bloom-1b7,xsc,ar,4,60.160000000000004,1.013903348450927,5
bloom-1b7,xsc,es,0,66.8,,1
bloom-1b7,xsc,es,4,66.32000000000001,0.8555699854482999,5
bloom-1b7,xsc,eu,0,57.2,,1
bloom-1b7,xsc,eu,4,54.760000000000005,0.7924645102463581,5
bloom-1b7,xsc,hi,0,59.6,,1
bloom-1b7,xsc,hi,4,60.67999999999999,1.0353743284435812,5
bloom-1b7,xsc,id,0,65.0,,1
bloom-1b7,xsc,id,4,66.08,0.9444575162494062,5
bloom-1b7,xsc,my,0,53.0,,1
bloom-1b7,xsc,my,4,53.6,1.7944358444926374,5
bloom-1b7,xsc,ru,0,59.4,,1
bloom-1b7,xsc,ru,4,58.160000000000004,0.9939818911831371,5
bloom-1b7,xsc,sw,0,60.6,,1
bloom-1b7,xsc,sw,4,59.760000000000005,0.9939818911831325,5
bloom-1b7,xsc,te,0,59.2,,1
bloom-1b7,xsc,te,4,59.44,0.5176871642217925,5
bloom-1b7,xsc,zh,0,64.8,,1
bloom-1b7,xsc,zh,4,66.4,0.9899494936611642,5
bloom-3b,encopa,en,0,75.0,,1
bloom-3b,encopa,en,4,69.0,1.8708286933869716,5
bloom-3b,xcopa,et,0,49.2,,1
bloom-3b,xcopa,et,4,48.72,0.3633180424917002,5
bloom-3b,xcopa,ht,0,46.6,,1
bloom-3b,xcopa,ht,4,47.08,1.5974980438172715,5
bloom-3b,xcopa,id,0,64.0,,1
bloom-3b,xcopa,id,4,64.44,0.6387487769068494,5
bloom-3b,xcopa,it,0,50.8,,1
bloom-3b,xcopa,it,4,51.279999999999994,1.3160547101089668,5
bloom-3b,xcopa,qu,0,50.0,,1
bloom-3b,xcopa,qu,4,52.120000000000005,1.044988038209048,5
bloom-3b,xcopa,sw,0,50.6,,1
bloom-3b,xcopa,sw,4,50.88,0.8786353054595506,5
bloom-3b,xcopa,ta,0,59.4,,1
bloom-3b,xcopa,ta,4,59.0,1.232882800593795,5
bloom-3b,xcopa,th,0,51.0,,1
bloom-3b,xcopa,th,4,50.92,0.9338094023942985,5
bloom-3b,xcopa,tr,0,53.6,,1
bloom-3b,xcopa,tr,4,54.279999999999994,0.41472882706655495,5
bloom-3b,xcopa,vi,0,65.0,,1
bloom-3b,xcopa,vi,4,65.47999999999999,1.118928058455946,5
bloom-3b,xcopa,zh,0,56.2,,1
bloom-3b,xcopa,zh,4,64.96000000000001,0.993981891183135,5
bloom-3b,xsc,ar,0,62.0,,1
bloom-3b,xsc,ar,4,61.48,0.5761944116355174,5
bloom-3b,xsc,es,0,69.4,,1
bloom-3b,xsc,es,4,68.28,0.9230384607371435,5
bloom-3b,xsc,eu,0,57.8,,1
bloom-3b,xsc,eu,4,56.8,0.46904157598234386,5
bloom-3b,xsc,hi,0,61.6,,1
bloom-3b,xsc,hi,4,60.92,1.1009087155618311,5
bloom-3b,xsc,id,0,69.6,,1
bloom-3b,xsc,id,4,69.84,1.0139033484509241,5
bloom-3b,xsc,my,0,50.4,,1
bloom-3b,xsc,my,4,52.239999999999995,1.6211107303327599,5
bloom-3b,xsc,ru,0,58.2,,1
bloom-3b,xsc,ru,4,56.64,0.8648699324175881,5
bloom-3b,xsc,sw,0,62.6,,1
bloom-3b,xsc,sw,4,60.720000000000006,0.4147288270665572,5
bloom-3b,xsc,te,0,61.6,,1
bloom-3b,xsc,te,4,62.160000000000004,1.0039920318408897,5
bloom-3b,xsc,zh,0,69.2,,1
bloom-3b,xsc,zh,4,68.88,1.6161683080669584,5
bloom-560m,encopa,en,0,67.0,,1
bloom-560m,encopa,en,4,63.2,2.683281572999748,5
bloom-560m,xcopa,et,0,49.8,,1
bloom-560m,xcopa,et,4,50.08,0.46043457732885745,5
bloom-560m,xcopa,ht,0,49.4,,1
bloom-560m,xcopa,ht,4,49.04,0.9838699100999087,5
bloom-560m,xcopa,id,0,58.6,,1
bloom-560m,xcopa,id,4,58.279999999999994,1.6589153082662171,5
bloom-560m,xcopa,it,0,50.8,,1
bloom-560m,xcopa,it,4,51.279999999999994,1.4042791745233552,5
bloom-560m,xcopa,qu,0,50.6,,1
bloom-560m,xcopa,qu,4,51.08,0.5761944116355161,5
bloom-560m,xcopa,sw,0,51.2,,1
bloom-560m,xcopa,sw,4,53.239999999999995,0.9423375191511805,5
bloom-560m,xcopa,ta,0,54.6,,1
bloom-560m,xcopa,ta,4,54.720000000000006,0.8438009243891639,5
bloom-560m,xcopa,th,0,50.8,,1
bloom-560m,xcopa,th,4,52.36,1.2759310326189293,5
bloom-560m,xcopa,tr,0,49.2,,1
bloom-560m,xcopa,tr,4,50.839999999999996,1.043072384832423,5
bloom-560m,xcopa,vi,0,59.6,,1
bloom-560m,xcopa,vi,4,56.32000000000001,1.5073154945133396,5
bloom-560m,xcopa,zh,0,52.2,,1
bloom-560m,xcopa,zh,4,56.67999999999999,1.118928058455952,5
bloom-560m,xsc,ar,0,53.6,,1
bloom-560m,xsc,ar,4,52.760000000000005,0.6228964600958942,5
bloom-560m,xsc,es,0,61.2,,1
bloom-560m,xsc,es,4,60.04,1.7285832349065522,5
bloom-560m,xsc,eu,0,55.8,,1
bloom-560m,xsc,eu,4,54.36,0.7668115805072341,5
bloom-560m,xsc,hi,0,56.6,,1
bloom-560m,xsc,hi,4,56.239999999999995,0.82945765413311,5
bloom-560m,xsc,id,0,58.6,,1
bloom-560m,xsc,id,4,58.96,0.7924645102463556,5
bloom-560m,xsc,my,0,54.0,,1
bloom-560m,xsc,my,4,54.08,1.2377398757412639,5
bloom-560m,xsc,ru,0,56.4,,1
bloom-560m,xsc,ru,4,55.36,0.49799598391954725,5
bloom-560m,xsc,sw,0,56.8,,1
bloom-560m,xsc,sw,4,57.4,0.7071067811865505,5
bloom-560m,xsc,te,0,57.6,,1
bloom-560m,xsc,te,4,57.120000000000005,1.4254823744964387,5
bloom-560m,xsc,zh,0,61.6,,1
bloom-560m,xsc,zh,4,61.4,1.0677078252031307,5
bloom-7b1,encopa,en,0,69.0,,1
bloom-7b1,encopa,en,4,71.2,2.387467277262663,5
bloom-7b1,xcopa,et,0,48.8,,1
bloom-7b1,xcopa,et,4,48.4,0.6164414002968981,5
bloom-7b1,xcopa,ht,0,45.2,,1
bloom-7b1,xcopa,ht,4,47.96,1.1610340218959998,5
bloom-7b1,xcopa,id,0,68.8,,1
bloom-7b1,xcopa,id,4,70.6,0.8485281374238558,5
bloom-7b1,xcopa,it,0,51.0,,1
bloom-7b1,xcopa,it,4,54.160000000000004,0.7266360849833958,5
bloom-7b1,xcopa,qu,0,52.2,,1
bloom-7b1,xcopa,qu,4,51.36,0.5549774770204642,5
bloom-7b1,xcopa,sw,0,51.0,,1
bloom-7b1,xcopa,sw,4,52.160000000000004,0.3847076812334268,5
bloom-7b1,xcopa,ta,0,62.4,,1
bloom-7b1,xcopa,ta,4,63.44,1.951409746824073,5
bloom-7b1,xcopa,th,0,49.4,,1
bloom-7b1,xcopa,th,4,48.519999999999996,0.48166378315169034,5
bloom-7b1,xcopa,tr,0,52.8,,1
bloom-7b1,xcopa,tr,4,52.720000000000006,0.8438009243891574,5
bloom-7b1,xcopa,vi,0,66.6,,1
bloom-7b1,xcopa,vi,4,69.64,2.4714368290530886,5
bloom-7b1,xcopa,zh,0,60.0,,1
bloom-7b1,xcopa,zh,4,69.76,0.9838699100999165,5
bloom-7b1,xsc,ar,0,62.0,,1
bloom-7b1,xsc,ar,4,64.24000000000001,0.6841052550594865,5
bloom-7b1,xsc,es,0,72.0,,1
bloom-7b1,xsc,es,4,69.84,1.0990905331227308,5
bloom-7b1,xsc,eu,0,60.4,,1
bloom-7b1,xsc,eu,4,59.36,0.7668115805072308,5
bloom-7b1,xsc,hi,0,63.8,,1
bloom-7b1,xsc,hi,4,63.239999999999995,0.7924645102463597,5
bloom-7b1,xsc,id,0,71.4,,1
bloom-7b1,xsc,id,4,69.28,0.6870225614927086,5
bloom-7b1,xsc,my,0,54.4,,1
bloom-7b1,xsc,my,4,54.720000000000006,1.6037456157383554,5
bloom-7b1,xsc,ru,0,61.6,,1
bloom-7b1,xsc,ru,4,59.760000000000005,0.5727128425310547,5
bloom-7b1,xsc,sw,0,61.0,,1
bloom-7b1,xsc,sw,4,61.64,1.1260550608207398,5
bloom-7b1,xsc,te,0,61.8,,1
bloom-7b1,xsc,te,4,62.4,0.2000000000000004,5
bloom-7b1,xsc,zh,0,67.0,,1
bloom-7b1,xsc,zh,4,70.72,0.8074651695274517,5
xglm-1.7B,encopa,en,0,64.0,,1
xglm-1.7B,encopa,en,4,62.2,3.03315017762062,5
xglm-1.7B,xcopa,et,0,55.2,,1
xglm-1.7B,xcopa,et,4,53.0,0.7999999999999995,5
xglm-1.7B,xcopa,ht,0,59.0,,1
xglm-1.7B,xcopa,ht,4,55.6,1.0954451150103324,5
xglm-1.7B,xcopa,id,0,58.4,,1
xglm-1.7B,xcopa,id,4,60.2,0.8602325267042646,5
xglm-1.7B,xcopa,it,0,53.2,,1
xglm-1.7B,xcopa,it,4,52.92,1.0059821071967454,5
xglm-1.7B,xcopa,qu,0,52.4,,1
xglm-1.7B,xcopa,qu,4,50.04,0.7797435475847172,5
xglm-1.7B,xcopa,sw,0,56.4,,1
xglm-1.7B,xcopa,sw,4,55.44,1.7798876369029624,5
xglm-1.7B,xcopa,ta,0,54.4,,1
xglm-1.7B,xcopa,ta,4,54.760000000000005,0.43358966777357605,5
xglm-1.7B,xcopa,th,0,54.4,,1
xglm-1.7B,xcopa,th,4,52.96,0.6542170893518446,5
xglm-1.7B,xcopa,tr,0,50.8,,1
xglm-1.7B,xcopa,tr,4,52.8,0.9273618495495703,5
xglm-1.7B,xcopa,vi,0,55.4,,1
xglm-1.7B,xcopa,vi,4,55.4,0.7211102550927974,5
xglm-1.7B,xcopa,zh,0,51.8,,1
xglm-1.7B,xcopa,zh,4,54.96,1.6697305171793428,5
xglm-1.7B,xsc,ar,0,60.8,,1
xglm-1.7B,xsc,ar,4,57.8,1.1489125293076061,5
xglm-1.7B,xsc,es,0,63.8,,1
xglm-1.7B,xsc,es,4,59.879999999999995,1.360882066896321,5
xglm-1.7B,xsc,eu,0,60.8,,1
xglm-1.7B,xsc,eu,4,60.0,0.6324555320336765,5
xglm-1.7B,xsc,hi,0,60.0,,1
xglm-1.7B,xsc,hi,4,60.2,0.9486832980505158,5
xglm-1.7B,xsc,id,0,63.8,,1
xglm-1.7B,xsc,id,4,61.64,0.654217089351846,5
xglm-1.7B,xsc,my,0,58.2,,1
xglm-1.7B,xsc,my,4,57.32000000000001,0.609918027279074,5
xglm-1.7B,xsc,ru,0,67.4,,1
xglm-1.7B,xsc,ru,4,66.16,0.29664793948382706,5
xglm-1.7B,xsc,sw,0,63.0,,1
xglm-1.7B,xsc,sw,4,62.160000000000004,1.0430723848324213,5
xglm-1.7B,xsc,te,0,62.2,,1
xglm-1.7B,xsc,te,4,62.48,0.5215361924162114,5
xglm-1.7B,xsc,zh,0,64.0,,1
xglm-1.7B,xsc,zh,4,63.239999999999995,1.143678276439667,5
xglm-2.9B,encopa,en,0,65.0,,1
xglm-2.9B,encopa,en,4,61.2,1.6431676725154982,5
xglm-2.9B,xcopa,et,0,53.4,,1
xglm-2.9B,xcopa,et,4,58.08,0.9757048734120396,5
xglm-2.9B,xcopa,ht,0,58.6,,1
xglm-2.9B,xcopa,ht,4,56.760000000000005,0.7924645102463558,5
xglm-2.9B,xcopa,id,0,62.2,,1
xglm-2.9B,xcopa,id,4,63.2,1.3928388277184147,5
xglm-2.9B,xcopa,it,0,56.8,,1
xglm-2.9B,xcopa,it,4,60.32000000000001,0.9121403400793122,5
xglm-2.9B,xcopa,qu,0,48.4,,1
xglm-2.9B,xcopa,qu,4,47.839999999999996,0.8988882021697698,5
xglm-2.9B,xcopa,sw,0,56.4,,1
xglm-2.9B,xcopa,sw,4,58.32000000000001,1.2617448236470012,5
xglm-2.9B,xcopa,ta,0,56.0,,1
xglm-2.9B,xcopa,ta,4,56.92,0.41472882706655484,5
xglm-2.9B,xcopa,th,0,55.0,,1
xglm-2.9B,xcopa,th,4,56.120000000000005,1.5336231610144637,5
xglm-2.9B,xcopa,tr,0,52.8,,1
xglm-2.9B,xcopa,tr,4,54.6,1.2727922061357824,5
xglm-2.9B,xcopa,vi,0,56.4,,1
xglm-2.9B,xcopa,vi,4,60.08,1.972815247305232,5
xglm-2.9B,xcopa,zh,0,54.4,,1
xglm-2.9B,xcopa,zh,4,58.04,1.4587666023048398,5
xglm-2.9B,xsc,ar,0,61.6,,1
xglm-2.9B,xsc,ar,4,59.879999999999995,0.641872261435248,5
xglm-2.9B,xsc,es,0,67.2,,1
xglm-2.9B,xsc,es,4,63.56,1.3957077057894305,5
xglm-2.9B,xsc,eu,0,62.8,,1
xglm-2.9B,xsc,eu,4,59.52,0.7563068160475643,5
xglm-2.9B,xsc,hi,0,61.2,,1
xglm-2.9B,xsc,hi,4,60.67999999999999,0.9338094023943008,5
xglm-2.9B,xsc,id,0,64.8,,1
xglm-2.9B,xsc,id,4,65.2,0.663324958071079,5
xglm-2.9B,xsc,my,0,59.6,,1
xglm-2.9B,xsc,my,4,58.720000000000006,0.460434577328855,5
xglm-2.9B,xsc,ru,0,72.8,,1
xglm-2.9B,xsc,ru,4,69.64,1.0899541274751043,5
xglm-2.9B,xsc,sw,0,63.2,,1
xglm-2.9B,xsc,sw,4,64.24,0.6387487769068525,5
xglm-2.9B,xsc,te,0,64.8,,1
xglm-2.9B,xsc,te,4,64.6,0.374165738677394,5
xglm-2.9B,xsc,zh,0,67.4,,1
xglm-2.9B,xsc,zh,4,67.64,0.6066300355241268,5
xglm-564M,encopa,en,0,58.0,,1
xglm-564M,encopa,en,4,58.2,1.6431676725154976,5
xglm-564M,xcopa,et,0,48.8,,1
xglm-564M,xcopa,et,4,50.6,0.7483314773547888,5
xglm-564M,xcopa,ht,0,55.0,,1
xglm-564M,xcopa,ht,4,54.48,0.3633180424916983,5
xglm-564M,xcopa,id,0,57.0,,1
xglm-564M,xcopa,id,4,54.52,0.6723094525588639,5
xglm-564M,xcopa,it,0,48.0,,1
xglm-564M,xcopa,it,4,47.6,0.6633249580710805,5
xglm-564M,xcopa,qu,0,50.8,,1
xglm-564M,xcopa,qu,4,51.48,1.316054710108968,5
xglm-564M,xcopa,sw,0,53.0,,1
xglm-564M,xcopa,sw,4,54.879999999999995,0.8318653737234183,5
xglm-564M,xcopa,ta,0,53.4,,1
xglm-564M,xcopa,ta,4,52.760000000000005,0.7127411872482179,5
xglm-564M,xcopa,th,0,52.0,,1
xglm-564M,xcopa,th,4,51.56,1.409964538561166,5
xglm-564M,xcopa,tr,0,52.0,,1
xglm-564M,xcopa,tr,4,51.0,0.7874007874011819,5
xglm-564M,xcopa,vi,0,52.8,,1
xglm-564M,xcopa,vi,4,51.720000000000006,0.6418722614352468,5
xglm-564M,xcopa,zh,0,51.0,,1
xglm-564M,xcopa,zh,4,52.279999999999994,0.8074651695274553,5
xglm-564M,xsc,ar,0,57.0,,1
xglm-564M,xsc,ar,4,55.64,0.4774934554525331,5
xglm-564M,xsc,es,0,61.2,,1
xglm-564M,xsc,es,4,58.239999999999995,0.7402702209328693,5
xglm-564M,xsc,eu,0,58.4,,1
xglm-564M,xsc,eu,4,57.879999999999995,0.5932958789676519,5
xglm-564M,xsc,hi,0,58.2,,1
xglm-564M,xsc,hi,4,57.160000000000004,0.4774934554525317,5
xglm-564M,xsc,id,0,59.0,,1
xglm-564M,xsc,id,4,58.160000000000004,0.7127411872482169,5
xglm-564M,xsc,my,0,54.4,,1
xglm-564M,xsc,my,4,54.120000000000005,0.17888543819998481,5
xglm-564M,xsc,ru,0,63.8,,1
xglm-564M,xsc,ru,4,61.4,0.6782329983125259,5
xglm-564M,xsc,sw,0,57.6,,1
xglm-564M,xsc,sw,4,57.120000000000005,1.2132600710482477,5
xglm-564M,xsc,te,0,61.4,,1
xglm-564M,xsc,te,4,62.08,1.2617448236470017,5
xglm-564M,xsc,zh,0,60.4,,1
xglm-564M,xsc,zh,4,59.44,0.40987803063838263,5
xglm-7.5B,encopa,en,0,71.0,,1
xglm-7.5B,encopa,en,4,68.0,1.4142135623730945,5
xglm-7.5B,xcopa,et,0,56.4,,1
xglm-7.5B,xcopa,et,4,59.4,0.5830951894845324,5
xglm-7.5B,xcopa,ht,0,57.8,,1
xglm-7.5B,xcopa,ht,4,57.839999999999996,0.8414273587185035,5
xglm-7.5B,xcopa,id,0,64.6,,1
xglm-7.5B,xcopa,id,4,64.0,0.9486832980505138,5
xglm-7.5B,xcopa,it,0,59.4,,1
xglm-7.5B,xcopa,it,4,62.8,1.0198039027185557,5
xglm-7.5B,xcopa,qu,0,47.2,,1
xglm-7.5B,xcopa,qu,4,48.6,1.280624847486572,5
xglm-7.5B,xcopa,sw,0,57.4,,1
xglm-7.5B,xcopa,sw,4,60.720000000000006,0.3033150177620598,5
xglm-7.5B,xcopa,ta,0,58.0,,1
xglm-7.5B,xcopa,ta,4,57.56,0.9099450532861859,5
xglm-7.5B,xcopa,th,0,54.2,,1
xglm-7.5B,xcopa,th,4,58.52,0.4147288270665549,5
xglm-7.5B,xcopa,tr,0,54.8,,1
xglm-7.5B,xcopa,tr,4,56.0,1.1045361017187276,5
xglm-7.5B,xcopa,vi,0,59.0,,1
xglm-7.5B,xcopa,vi,4,62.48,1.6828547174370123,5
xglm-7.5B,xcopa,zh,0,60.4,,1
xglm-7.5B,xcopa,zh,4,60.760000000000005,1.3296616110875727,5
xglm-7.5B,xsc,ar,0,62.8,,1
xglm-7.5B,xsc,ar,4,62.6,0.5477225575051687,5
xglm-7.5B,xsc,es,0,68.4,,1
xglm-7.5B,xsc,es,4,66.48,1.171324037147707,5
xglm-7.5B,xsc,eu,0,63.8,,1
xglm-7.5B,xsc,eu,4,62.64,1.1081516141756054,5
xglm-7.5B,xsc,hi,0,64.2,,1
xglm-7.5B,xsc,hi,4,60.64,0.9528903399657275,5
xglm-7.5B,xsc,id,0,68.4,,1
xglm-7.5B,xsc,id,4,67.67999999999999,1.118928058455944,5
xglm-7.5B,xsc,my,0,61.2,,1
xglm-7.5B,xsc,my,4,58.52,0.7293833011524202,5
xglm-7.5B,xsc,ru,0,72.4,,1
xglm-7.5B,xsc,ru,4,71.32000000000001,1.1454256850621118,5
xglm-7.5B,xsc,sw,0,65.8,,1
xglm-7.5B,xsc,sw,4,66.92,0.8074651695274551,5
xglm-7.5B,xsc,te,0,65.8,,1
xglm-7.5B,xsc,te,4,64.88,0.7563068160475547,5
xglm-7.5B,xsc,zh,0,70.2,,1
xglm-7.5B,xsc,zh,4,69.08000000000001,1.2853015210447742,5
